"Bill of Material for "
"On 4/19/17 at 9:28:23 PM"

"Comment","Pattern","Quantity","Components"

"BOOT0","HDR2X2","1","P8","Header, 2-Pin, Dual row"
"Cap Semi","C1206","16","C3, C6, C7, C8, C9, C10, C11, C12, C13, C14, C15, C16, C17, C18, C19, C20","Capacitor (Semiconductor SIM Model)"
"Cap","C1206","2","C4, C5","Ceramic Capacitor"
"Ferrite Bead","J1-0603","1","L0","Inductor"
"FT232 Power Select","HDR2X2","1","P9","Header, 2-Pin, Dual row"
"FT232RL-Reel","SSOP-28_N","1","U2","USB UART Asynchronous Serial Data Transfer Chip, 28-pin SSOP, Tape and Reel"
"JTAG","HDR2X10","1","P4","Header, 10-Pin, Dual row"
"Jump: NRST pullup","HDR1X2","1","P11","Header, 2-Pin"
"LED2","LTST LED","7","D1, D2, D3, D4, D5, D6, D7","Typical RED, GREEN, YELLOW, AMBER GaAs LED"
"LM3940IMP-3.3/NOPB","MP04A_N","1","U3","1A Low Dropout Regulator for 5V to 3.3V Conversion, 4-pin SOT-223, Pb-Free"
"PAC","HDR2X16","1","P1","Header, 16-Pin, Dual row"
"PBD","HDR2X16","1","P2","Header, 16-Pin, Dual row"
"PDR_ON Jumpers","HDR2X2","1","P7","Header, 2-Pin, Dual row"
"Power Jumper","HDR1X2","1","P12","Header, 2-Pin"
"Power","HDR2X4","1","P3","Header, 4-Pin, Dual row"
"Res3","J1-0603","14","R1, R2, R3, R4, R5, R10, R11, R12, R13, R14, R15, R16, R17, R20","Resistor"
"STM32F76XZXT","LQFP-144_20X20mm","1","U1","Imported"
"SW-DPST","SWFP","1","S0","Double-Pole, Single-Throw Switch"
"USB Connector","WE-EPLE","1","J2",""
"VCCIO","HDR1X2","1","P10","Header, 2-Pin"
