x-axis,1
second,Volt
-5.000000E+00,+585E-06
-4.995000E+00,-420E-06
-4.990000E+00,+384E-06
-4.985000E+00,-219E-06
-4.980000E+00,-822E-06
-4.975000E+00,+183E-06
-4.970000E+00,-18E-06
-4.965000E+00,-219E-06
-4.960000E+00,-822E-06
-4.955000E+00,+183E-06
-4.950000E+00,-822E-06
-4.945000E+00,+384E-06
-4.940000E+00,+786E-06
-4.935000E+00,-822E-06
-4.930000E+00,-18E-06
-4.925000E+00,-621E-06
-4.920000E+00,+786E-06
-4.915000E+00,-420E-06
-4.910000E+00,-822E-06
-4.905000E+00,-219E-06
-4.900000E+00,-18E-06
-4.895000E+00,-18E-06
-4.890000E+00,-219E-06
-4.885000E+00,-420E-06
-4.880000E+00,-2.028E-03
-4.875000E+00,+1.188E-03
-4.870000E+00,-1.827E-03
-4.865000E+00,-822E-06
-4.860000E+00,+1.992E-03
-4.855000E+00,-621E-06
-4.850000E+00,+384E-06
-4.845000E+00,-2.832E-03
-4.840000E+00,+585E-06
-4.835000E+00,-420E-06
-4.830000E+00,+786E-06
-4.825000E+00,-420E-06
-4.820000E+00,-1.425E-03
-4.815000E+00,-822E-06
-4.810000E+00,-621E-06
-4.805000E+00,-1.626E-03
-4.800000E+00,-1.425E-03
-4.795000E+00,-18E-06
-4.790000E+00,-621E-06
-4.785000E+00,-822E-06
-4.780000E+00,-822E-06
-4.775000E+00,+384E-06
-4.770000E+00,+987E-06
-4.765000E+00,+183E-06
-4.760000E+00,+384E-06
-4.755000E+00,+585E-06
-4.750000E+00,-219E-06
-4.745000E+00,+2.193E-03
-4.740000E+00,-822E-06
-4.735000E+00,-420E-06
-4.730000E+00,-420E-06
-4.725000E+00,-219E-06
-4.720000E+00,+585E-06
-4.715000E+00,-219E-06
-4.710000E+00,-219E-06
-4.705000E+00,-219E-06
-4.700000E+00,+384E-06
-4.695000E+00,-219E-06
-4.690000E+00,-219E-06
-4.685000E+00,-219E-06
-4.680000E+00,+987E-06
-4.675000E+00,+585E-06
-4.670000E+00,-219E-06
-4.665000E+00,-1.023E-03
-4.660000E+00,-219E-06
-4.655000E+00,+585E-06
-4.650000E+00,-219E-06
-4.645000E+00,+585E-06
-4.640000E+00,+987E-06
-4.635000E+00,-822E-06
-4.630000E+00,-219E-06
-4.625000E+00,-621E-06
-4.620000E+00,-18E-06
-4.615000E+00,-621E-06
-4.610000E+00,-621E-06
-4.605000E+00,+384E-06
-4.600000E+00,-18E-06
-4.595000E+00,+183E-06
-4.590000E+00,-1.023E-03
-4.585000E+00,-420E-06
-4.580000E+00,-822E-06
-4.575000E+00,+1.590E-03
-4.570000E+00,-219E-06
-4.565000E+00,-18E-06
-4.560000E+00,+183E-06
-4.555000E+00,+384E-06
-4.550000E+00,+384E-06
-4.545000E+00,+183E-06
-4.540000E+00,+1.188E-03
-4.535000E+00,-1.224E-03
-4.530000E+00,-822E-06
-4.525000E+00,+585E-06
-4.520000E+00,-18E-06
-4.515000E+00,-2.430E-03
-4.510000E+00,-621E-06
-4.505000E+00,+585E-06
-4.500000E+00,-1.023E-03
-4.495000E+00,+183E-06
-4.490000E+00,-219E-06
-4.485000E+00,-822E-06
-4.480000E+00,+183E-06
-4.475000E+00,-1.425E-03
-4.470000E+00,-1.023E-03
-4.465000E+00,-18E-06
-4.460000E+00,+384E-06
-4.455000E+00,-219E-06
-4.450000E+00,-219E-06
-4.445000E+00,+786E-06
-4.440000E+00,+12.042E-03
-4.435000E+00,-1.425E-03
-4.430000E+00,+585E-06
-4.425000E+00,+585E-06
-4.420000E+00,-1.023E-03
-4.415000E+00,-822E-06
-4.410000E+00,-219E-06
-4.405000E+00,-219E-06
-4.400000E+00,-219E-06
-4.395000E+00,+183E-06
-4.390000E+00,-621E-06
-4.385000E+00,-1.224E-03
-4.380000E+00,-18E-06
-4.375000E+00,-621E-06
-4.370000E+00,-219E-06
-4.365000E+00,-18E-06
-4.360000E+00,+2.193E-03
-4.355000E+00,-420E-06
-4.350000E+00,+987E-06
-4.345000E+00,-420E-06
-4.340000E+00,-18E-06
-4.335000E+00,+384E-06
-4.330000E+00,-219E-06
-4.325000E+00,+384E-06
-4.320000E+00,+384E-06
-4.315000E+00,-822E-06
-4.310000E+00,-1.023E-03
-4.305000E+00,-18E-06
-4.300000E+00,-420E-06
-4.295000E+00,+183E-06
-4.290000E+00,+585E-06
-4.285000E+00,-18E-06
-4.280000E+00,-1.023E-03
-4.275000E+00,-621E-06
-4.270000E+00,+183E-06
-4.265000E+00,-621E-06
-4.260000E+00,+183E-06
-4.255000E+00,-420E-06
-4.250000E+00,+183E-06
-4.245000E+00,-1.023E-03
-4.240000E+00,-822E-06
-4.235000E+00,-1.023E-03
-4.230000E+00,-822E-06
-4.225000E+00,+183E-06
-4.220000E+00,-621E-06
-4.215000E+00,-2.229E-03
-4.210000E+00,+384E-06
-4.205000E+00,+987E-06
-4.200000E+00,+183E-06
-4.195000E+00,-18E-06
-4.190000E+00,-420E-06
-4.185000E+00,-2.631E-03
-4.180000E+00,-219E-06
-4.175000E+00,-420E-06
-4.170000E+00,-18E-06
-4.165000E+00,-1.626E-03
-4.160000E+00,+183E-06
-4.155000E+00,-420E-06
-4.150000E+00,-621E-06
-4.145000E+00,-18E-06
-4.140000E+00,+183E-06
-4.135000E+00,+786E-06
-4.130000E+00,-621E-06
-4.125000E+00,+585E-06
-4.120000E+00,-2.832E-03
-4.115000E+00,+585E-06
-4.110000E+00,-420E-06
-4.105000E+00,+183E-06
-4.100000E+00,-621E-06
-4.095000E+00,-18E-06
-4.090000E+00,+2.997E-03
-4.085000E+00,-420E-06
-4.080000E+00,-18E-06
-4.075000E+00,+786E-06
-4.070000E+00,-420E-06
-4.065000E+00,+585E-06
-4.060000E+00,+183E-06
-4.055000E+00,+183E-06
-4.050000E+00,-18E-06
-4.045000E+00,+786E-06
-4.040000E+00,-18E-06
-4.035000E+00,+384E-06
-4.030000E+00,-219E-06
-4.025000E+00,-1.224E-03
-4.020000E+00,-621E-06
-4.015000E+00,-1.626E-03
-4.010000E+00,-420E-06
-4.005000E+00,-822E-06
-4.000000E+00,-18E-06
-3.995000E+00,+384E-06
-3.990000E+00,-1.023E-03
-3.985000E+00,-219E-06
-3.980000E+00,+384E-06
-3.975000E+00,-420E-06
-3.970000E+00,+384E-06
-3.965000E+00,-1.626E-03
-3.960000E+00,-18E-06
-3.955000E+00,-219E-06
-3.950000E+00,-621E-06
-3.945000E+00,-1.827E-03
-3.940000E+00,-621E-06
-3.935000E+00,+384E-06
-3.930000E+00,-1.425E-03
-3.925000E+00,+384E-06
-3.920000E+00,-822E-06
-3.915000E+00,-219E-06
-3.910000E+00,-1.626E-03
-3.905000E+00,+585E-06
-3.900000E+00,-1.023E-03
-3.895000E+00,-1.023E-03
-3.890000E+00,+183E-06
-3.885000E+00,-18E-06
-3.880000E+00,-219E-06
-3.875000E+00,-18E-06
-3.870000E+00,+384E-06
-3.865000E+00,-18E-06
-3.860000E+00,-420E-06
-3.855000E+00,-219E-06
-3.850000E+00,-18E-06
-3.845000E+00,-420E-06
-3.840000E+00,-18E-06
-3.835000E+00,+987E-06
-3.830000E+00,+183E-06
-3.825000E+00,-18E-06
-3.820000E+00,+183E-06
-3.815000E+00,+585E-06
-3.810000E+00,-822E-06
-3.805000E+00,-621E-06
-3.800000E+00,-621E-06
-3.795000E+00,-621E-06
-3.790000E+00,-420E-06
-3.785000E+00,-420E-06
-3.780000E+00,-18E-06
-3.775000E+00,-18E-06
-3.770000E+00,-420E-06
-3.765000E+00,-420E-06
-3.760000E+00,+384E-06
-3.755000E+00,-621E-06
-3.750000E+00,-621E-06
-3.745000E+00,-420E-06
-3.740000E+00,-18E-06
-3.735000E+00,+183E-06
-3.730000E+00,+786E-06
-3.725000E+00,+786E-06
-3.720000E+00,+384E-06
-3.715000E+00,+1.590E-03
-3.710000E+00,-18E-06
-3.705000E+00,-822E-06
-3.700000E+00,-18E-06
-3.695000E+00,-1.224E-03
-3.690000E+00,-219E-06
-3.685000E+00,-2.229E-03
-3.680000E+00,-2.430E-03
-3.675000E+00,-18E-06
-3.670000E+00,-420E-06
-3.665000E+00,-219E-06
-3.660000E+00,-219E-06
-3.655000E+00,+585E-06
-3.650000E+00,-2.430E-03
-3.645000E+00,-1.626E-03
-3.640000E+00,-219E-06
-3.635000E+00,-621E-06
-3.630000E+00,-18E-06
-3.625000E+00,+585E-06
-3.620000E+00,-219E-06
-3.615000E+00,+585E-06
-3.610000E+00,+183E-06
-3.605000E+00,+987E-06
-3.600000E+00,-822E-06
-3.595000E+00,-621E-06
-3.590000E+00,-1.023E-03
-3.585000E+00,-1.023E-03
-3.580000E+00,+585E-06
-3.575000E+00,+384E-06
-3.570000E+00,+183E-06
-3.565000E+00,+1.188E-03
-3.560000E+00,-18E-06
-3.555000E+00,-420E-06
-3.550000E+00,+585E-06
-3.545000E+00,-420E-06
-3.540000E+00,-18E-06
-3.535000E+00,-1.023E-03
-3.530000E+00,+384E-06
-3.525000E+00,-420E-06
-3.520000E+00,+183E-06
-3.515000E+00,+384E-06
-3.510000E+00,+1.791E-03
-3.505000E+00,-621E-06
-3.500000E+00,-621E-06
-3.495000E+00,-621E-06
-3.490000E+00,+1.590E-03
-3.485000E+00,+585E-06
-3.480000E+00,-822E-06
-3.475000E+00,-621E-06
-3.470000E+00,+9.027E-03
-3.465000E+00,+2.595E-03
-3.460000E+00,+3.399E-03
-3.455000E+00,-219E-06
-3.450000E+00,-2.229E-03
-3.445000E+00,+6.615E-03
-3.440000E+00,-420E-06
-3.435000E+00,-18E-06
-3.430000E+00,+2.796E-03
-3.425000E+00,+1.389E-03
-3.420000E+00,-621E-06
-3.415000E+00,+384E-06
-3.410000E+00,-420E-06
-3.405000E+00,+2.796E-03
-3.400000E+00,+1.389E-03
-3.395000E+00,+183E-06
-3.390000E+00,+4.203E-03
-3.385000E+00,-621E-06
-3.380000E+00,+1.791E-03
-3.375000E+00,-420E-06
-3.370000E+00,+2.394E-03
-3.365000E+00,+1.188E-03
-3.360000E+00,+5.007E-03
-3.355000E+00,+384E-06
-3.350000E+00,+1.188E-03
-3.345000E+00,+384E-06
-3.340000E+00,+5.610E-03
-3.335000E+00,+2.997E-03
-3.330000E+00,+987E-06
-3.325000E+00,+8.022E-03
-3.320000E+00,+4.404E-03
-3.315000E+00,+9.831E-03
-3.310000E+00,+1.791E-03
-3.305000E+00,-18E-06
-3.300000E+00,+3.600E-03
-3.295000E+00,+3.600E-03
-3.290000E+00,+8.223E-03
-3.285000E+00,+4.404E-03
-3.280000E+00,+2.997E-03
-3.275000E+00,+7.620E-03
-3.270000E+00,+5.409E-03
-3.265000E+00,+7.218E-03
-3.260000E+00,+1.188E-03
-3.255000E+00,+1.590E-03
-3.250000E+00,+183E-06
-3.245000E+00,+2.394E-03
-3.240000E+00,-1.425E-03
-3.235000E+00,+9.429E-03
-3.230000E+00,+4.203E-03
-3.225000E+00,-1.626E-03
-3.220000E+00,-621E-06
-3.215000E+00,+1.791E-03
-3.210000E+00,+5.208E-03
-3.205000E+00,+3.198E-03
-3.200000E+00,+987E-06
-3.195000E+00,-420E-06
-3.190000E+00,+4.002E-03
-3.185000E+00,+1.791E-03
-3.180000E+00,+4.203E-03
-3.175000E+00,+3.399E-03
-3.170000E+00,+1.791E-03
-3.165000E+00,+384E-06
-3.160000E+00,+2.997E-03
-3.155000E+00,+3.801E-03
-3.150000E+00,+4.605E-03
-3.145000E+00,+3.198E-03
-3.140000E+00,+585E-06
-3.135000E+00,+1.188E-03
-3.130000E+00,+1.389E-03
-3.125000E+00,-18E-06
-3.120000E+00,-219E-06
-3.115000E+00,+1.791E-03
-3.110000E+00,-18E-06
-3.105000E+00,+5.409E-03
-3.100000E+00,+2.193E-03
-3.095000E+00,+3.198E-03
-3.090000E+00,-420E-06
-3.085000E+00,-621E-06
-3.080000E+00,+786E-06
-3.075000E+00,+3.198E-03
-3.070000E+00,+3.600E-03
-3.065000E+00,+1.590E-03
-3.060000E+00,+4.605E-03
-3.055000E+00,+5.409E-03
-3.050000E+00,+5.208E-03
-3.045000E+00,+1.389E-03
-3.040000E+00,+1.791E-03
-3.035000E+00,+1.992E-03
-3.030000E+00,-219E-06
-3.025000E+00,-420E-06
-3.020000E+00,+585E-06
-3.015000E+00,+4.203E-03
-3.010000E+00,-1.023E-03
-3.005000E+00,+1.389E-03
-3.000000E+00,+786E-06
-2.995000E+00,+1.791E-03
-2.990000E+00,+1.791E-03
-2.985000E+00,+5.208E-03
-2.980000E+00,+3.399E-03
-2.975000E+00,+3.801E-03
-2.970000E+00,+7.017E-03
-2.965000E+00,+5.208E-03
-2.960000E+00,+3.198E-03
-2.955000E+00,+786E-06
-2.950000E+00,+384E-06
-2.945000E+00,+2.997E-03
-2.940000E+00,+2.193E-03
-2.935000E+00,+2.997E-03
-2.930000E+00,+4.806E-03
-2.925000E+00,+6.615E-03
-2.920000E+00,+8.424E-03
-2.915000E+00,+5.409E-03
-2.910000E+00,-1.023E-03
-2.905000E+00,-822E-06
-2.900000E+00,+585E-06
-2.895000E+00,+3.399E-03
-2.890000E+00,+4.806E-03
-2.885000E+00,+3.399E-03
-2.880000E+00,-219E-06
-2.875000E+00,+6.816E-03
-2.870000E+00,+3.801E-03
-2.865000E+00,+3.198E-03
-2.860000E+00,+2.394E-03
-2.855000E+00,+3.198E-03
-2.850000E+00,+3.198E-03
-2.845000E+00,+9.027E-03
-2.840000E+00,+3.399E-03
-2.835000E+00,-5.043E-03
-2.830000E+00,+4.605E-03
-2.825000E+00,+7.017E-03
-2.820000E+00,-1.626E-03
-2.815000E+00,-18E-06
-2.810000E+00,+3.801E-03
-2.805000E+00,+2.394E-03
-2.800000E+00,-621E-06
-2.795000E+00,+5.811E-03
-2.790000E+00,+1.791E-03
-2.785000E+00,+2.796E-03
-2.780000E+00,+4.002E-03
-2.775000E+00,+2.997E-03
-2.770000E+00,-18E-06
-2.765000E+00,-1.224E-03
-2.760000E+00,+3.198E-03
-2.755000E+00,+1.590E-03
-2.750000E+00,+3.198E-03
-2.745000E+00,+4.806E-03
-2.740000E+00,+1.590E-03
-2.735000E+00,+6.615E-03
-2.730000E+00,+2.193E-03
-2.725000E+00,+2.595E-03
-2.720000E+00,+1.992E-03
-2.715000E+00,-2.028E-03
-2.710000E+00,+3.600E-03
-2.705000E+00,+4.806E-03
-2.700000E+00,+786E-06
-2.695000E+00,+2.193E-03
-2.690000E+00,+3.198E-03
-2.685000E+00,-219E-06
-2.680000E+00,+1.992E-03
-2.675000E+00,+5.007E-03
-2.670000E+00,+1.389E-03
-2.665000E+00,+5.811E-03
-2.660000E+00,+2.193E-03
-2.655000E+00,+7.017E-03
-2.650000E+00,+3.801E-03
-2.645000E+00,+1.389E-03
-2.640000E+00,+4.404E-03
-2.635000E+00,+585E-06
-2.630000E+00,+3.198E-03
-2.625000E+00,-1.023E-03
-2.620000E+00,+4.002E-03
-2.615000E+00,-621E-06
-2.610000E+00,+6.213E-03
-2.605000E+00,+5.208E-03
-2.600000E+00,+987E-06
-2.595000E+00,+8.826E-03
-2.590000E+00,+2.193E-03
-2.585000E+00,+3.198E-03
-2.580000E+00,+2.595E-03
-2.575000E+00,+7.017E-03
-2.570000E+00,+183E-06
-2.565000E+00,+1.791E-03
-2.560000E+00,+384E-06
-2.555000E+00,-420E-06
-2.550000E+00,+7.017E-03
-2.545000E+00,+1.992E-03
-2.540000E+00,+987E-06
-2.535000E+00,+12.645E-03
-2.530000E+00,+2.595E-03
-2.525000E+00,+7.419E-03
-2.520000E+00,+4.203E-03
-2.515000E+00,+6.213E-03
-2.510000E+00,-621E-06
-2.505000E+00,+5.610E-03
-2.500000E+00,-1.023E-03
-2.495000E+00,-822E-06
-2.490000E+00,+3.399E-03
-2.485000E+00,-18E-06
-2.480000E+00,+3.198E-03
-2.475000E+00,+1.188E-03
-2.470000E+00,+5.409E-03
-2.465000E+00,+1.791E-03
-2.460000E+00,+1.590E-03
-2.455000E+00,+2.796E-03
-2.450000E+00,+5.208E-03
-2.445000E+00,+987E-06
-2.440000E+00,+2.193E-03
-2.435000E+00,+8.826E-03
-2.430000E+00,+8.625E-03
-2.425000E+00,+4.002E-03
-2.420000E+00,+183E-06
-2.415000E+00,+2.796E-03
-2.410000E+00,+6.615E-03
-2.405000E+00,+1.188E-03
-2.400000E+00,+3.600E-03
-2.395000E+00,-1.023E-03
-2.390000E+00,+2.796E-03
-2.385000E+00,+3.198E-03
-2.380000E+00,+384E-06
-2.375000E+00,+2.193E-03
-2.370000E+00,+4.806E-03
-2.365000E+00,-1.023E-03
-2.360000E+00,-1.023E-03
-2.355000E+00,+3.600E-03
-2.350000E+00,+1.389E-03
-2.345000E+00,+4.605E-03
-2.340000E+00,+1.590E-03
-2.335000E+00,-1.827E-03
-2.330000E+00,+7.821E-03
-2.325000E+00,+183E-06
-2.320000E+00,+4.203E-03
-2.315000E+00,+3.801E-03
-2.310000E+00,+6.816E-03
-2.305000E+00,+1.590E-03
-2.300000E+00,+1.791E-03
-2.295000E+00,+1.992E-03
-2.290000E+00,+5.208E-03
-2.285000E+00,+4.404E-03
-2.280000E+00,+8.223E-03
-2.275000E+00,+3.801E-03
-2.270000E+00,+786E-06
-2.265000E+00,+9.630E-03
-2.260000E+00,-1.224E-03
-2.255000E+00,-420E-06
-2.250000E+00,+2.997E-03
-2.245000E+00,+5.811E-03
-2.240000E+00,+6.012E-03
-2.235000E+00,-219E-06
-2.230000E+00,+2.997E-03
-2.225000E+00,+4.203E-03
-2.220000E+00,+1.590E-03
-2.215000E+00,+3.198E-03
-2.210000E+00,+384E-06
-2.205000E+00,+2.394E-03
-2.200000E+00,+5.007E-03
-2.195000E+00,+5.811E-03
-2.190000E+00,+585E-06
-2.185000E+00,+3.198E-03
-2.180000E+00,+7.419E-03
-2.175000E+00,-18E-06
-2.170000E+00,-420E-06
-2.165000E+00,-219E-06
-2.160000E+00,+7.620E-03
-2.155000E+00,+2.796E-03
-2.150000E+00,+2.595E-03
-2.145000E+00,+5.208E-03
-2.140000E+00,-822E-06
-2.135000E+00,-1.626E-03
-2.130000E+00,+2.997E-03
-2.125000E+00,+2.193E-03
-2.120000E+00,+3.600E-03
-2.115000E+00,-420E-06
-2.110000E+00,+2.394E-03
-2.105000E+00,+5.208E-03
-2.100000E+00,-1.023E-03
-2.095000E+00,+2.193E-03
-2.090000E+00,+1.791E-03
-2.085000E+00,-822E-06
-2.080000E+00,+3.801E-03
-2.075000E+00,+1.188E-03
-2.070000E+00,-420E-06
-2.065000E+00,+1.389E-03
-2.060000E+00,+5.409E-03
-2.055000E+00,+4.203E-03
-2.050000E+00,+2.193E-03
-2.045000E+00,+6.213E-03
-2.040000E+00,+5.409E-03
-2.035000E+00,+1.590E-03
-2.030000E+00,+585E-06
-2.025000E+00,+7.017E-03
-2.020000E+00,+6.012E-03
-2.015000E+00,+4.806E-03
-2.010000E+00,+3.198E-03
-2.005000E+00,+585E-06
-2.000000E+00,+5.409E-03
-1.995000E+00,+6.012E-03
-1.990000E+00,+8.625E-03
-1.985000E+00,-3.033E-03
-1.980000E+00,+5.007E-03
-1.975000E+00,+8.826E-03
-1.970000E+00,+4.806E-03
-1.965000E+00,+4.203E-03
-1.960000E+00,+5.007E-03
-1.955000E+00,+7.821E-03
-1.950000E+00,+3.600E-03
-1.945000E+00,+8.022E-03
-1.940000E+00,-1.023E-03
-1.935000E+00,+4.404E-03
-1.930000E+00,+7.419E-03
-1.925000E+00,+4.806E-03
-1.920000E+00,+4.605E-03
-1.915000E+00,+5.409E-03
-1.910000E+00,+2.193E-03
-1.905000E+00,+3.399E-03
-1.900000E+00,+1.791E-03
-1.895000E+00,+1.389E-03
-1.890000E+00,+2.997E-03
-1.885000E+00,+6.414E-03
-1.880000E+00,+5.007E-03
-1.875000E+00,-5.847E-03
-1.870000E+00,+3.399E-03
-1.865000E+00,+2.193E-03
-1.860000E+00,+2.595E-03
-1.855000E+00,+4.404E-03
-1.850000E+00,+8.625E-03
-1.845000E+00,+384E-06
-1.840000E+00,+5.409E-03
-1.835000E+00,+7.419E-03
-1.830000E+00,+1.992E-03
-1.825000E+00,+3.801E-03
-1.820000E+00,+2.394E-03
-1.815000E+00,+4.002E-03
-1.810000E+00,+8.223E-03
-1.805000E+00,+4.404E-03
-1.800000E+00,+183E-06
-1.795000E+00,-219E-06
-1.790000E+00,+1.791E-03
-1.785000E+00,+7.620E-03
-1.780000E+00,-1.425E-03
-1.775000E+00,+2.796E-03
-1.770000E+00,+4.605E-03
-1.765000E+00,+1.590E-03
-1.760000E+00,+1.992E-03
-1.755000E+00,+1.590E-03
-1.750000E+00,+2.394E-03
-1.745000E+00,-1.224E-03
-1.740000E+00,+5.610E-03
-1.735000E+00,+786E-06
-1.730000E+00,+4.203E-03
-1.725000E+00,+7.821E-03
-1.720000E+00,+8.625E-03
-1.715000E+00,+5.208E-03
-1.710000E+00,+3.198E-03
-1.705000E+00,+1.992E-03
-1.700000E+00,+2.595E-03
-1.695000E+00,+4.806E-03
-1.690000E+00,+183E-06
-1.685000E+00,+4.404E-03
-1.680000E+00,+3.399E-03
-1.675000E+00,+1.590E-03
-1.670000E+00,+786E-06
-1.665000E+00,+9.228E-03
-1.660000E+00,+1.590E-03
-1.655000E+00,+3.198E-03
-1.650000E+00,+786E-06
-1.645000E+00,+5.409E-03
-1.640000E+00,-219E-06
-1.635000E+00,+7.620E-03
-1.630000E+00,+5.811E-03
-1.625000E+00,+10.233E-03
-1.620000E+00,+585E-06
-1.615000E+00,+7.821E-03
-1.610000E+00,+2.394E-03
-1.605000E+00,+1.389E-03
-1.600000E+00,+3.399E-03
-1.595000E+00,+4.404E-03
-1.590000E+00,+2.193E-03
-1.585000E+00,+2.394E-03
-1.580000E+00,+1.590E-03
-1.575000E+00,+3.198E-03
-1.570000E+00,+3.399E-03
-1.565000E+00,-822E-06
-1.560000E+00,+585E-06
-1.555000E+00,+1.389E-03
-1.550000E+00,+4.605E-03
-1.545000E+00,+5.409E-03
-1.540000E+00,+2.193E-03
-1.535000E+00,-3.033E-03
-1.530000E+00,-18E-06
-1.525000E+00,+5.811E-03
-1.520000E+00,+183E-06
-1.515000E+00,-420E-06
-1.510000E+00,+7.620E-03
-1.505000E+00,+5.610E-03
-1.500000E+00,-822E-06
-1.495000E+00,+3.600E-03
-1.490000E+00,+4.002E-03
-1.485000E+00,+2.193E-03
-1.480000E+00,+183E-06
-1.475000E+00,+2.193E-03
-1.470000E+00,-822E-06
-1.465000E+00,+9.630E-03
-1.460000E+00,-822E-06
-1.455000E+00,-219E-06
-1.450000E+00,+384E-06
-1.445000E+00,+585E-06
-1.440000E+00,+4.605E-03
-1.435000E+00,+7.620E-03
-1.430000E+00,+1.188E-03
-1.425000E+00,+3.600E-03
-1.420000E+00,-822E-06
-1.415000E+00,+2.595E-03
-1.410000E+00,+7.017E-03
-1.405000E+00,+585E-06
-1.400000E+00,+5.409E-03
-1.395000E+00,+4.404E-03
-1.390000E+00,+1.791E-03
-1.385000E+00,+3.198E-03
-1.380000E+00,+1.590E-03
-1.375000E+00,-822E-06
-1.370000E+00,-1.224E-03
-1.365000E+00,+4.404E-03
-1.360000E+00,+5.409E-03
-1.355000E+00,+183E-06
-1.350000E+00,+1.992E-03
-1.345000E+00,+5.409E-03
-1.340000E+00,+1.590E-03
-1.335000E+00,+1.590E-03
-1.330000E+00,-18E-06
-1.325000E+00,+585E-06
-1.320000E+00,+585E-06
-1.315000E+00,+4.203E-03
-1.310000E+00,+7.017E-03
-1.305000E+00,+4.002E-03
-1.300000E+00,-621E-06
-1.295000E+00,+6.213E-03
-1.290000E+00,+8.826E-03
-1.285000E+00,+2.595E-03
-1.280000E+00,+4.806E-03
-1.275000E+00,+384E-06
-1.270000E+00,+6.012E-03
-1.265000E+00,+6.414E-03
-1.260000E+00,+9.228E-03
-1.255000E+00,+585E-06
-1.250000E+00,+3.399E-03
-1.245000E+00,+5.610E-03
-1.240000E+00,+2.796E-03
-1.235000E+00,+9.630E-03
-1.230000E+00,-4.038E-03
-1.225000E+00,+3.600E-03
-1.220000E+00,+2.193E-03
-1.215000E+00,+6.615E-03
-1.210000E+00,-822E-06
-1.205000E+00,+2.595E-03
-1.200000E+00,-420E-06
-1.195000E+00,+3.801E-03
-1.190000E+00,+1.389E-03
-1.185000E+00,+987E-06
-1.180000E+00,+6.414E-03
-1.175000E+00,+5.208E-03
-1.170000E+00,-1.626E-03
-1.165000E+00,+2.997E-03
-1.160000E+00,+9.831E-03
-1.155000E+00,+5.409E-03
-1.150000E+00,-1.626E-03
-1.145000E+00,+9.429E-03
-1.140000E+00,+6.615E-03
-1.135000E+00,+1.188E-03
-1.130000E+00,+5.208E-03
-1.125000E+00,+1.389E-03
-1.120000E+00,+7.218E-03
-1.115000E+00,+786E-06
-1.110000E+00,+2.796E-03
-1.105000E+00,+2.394E-03
-1.100000E+00,-18E-06
-1.095000E+00,+2.394E-03
-1.090000E+00,-420E-06
-1.085000E+00,+5.007E-03
-1.080000E+00,+4.203E-03
-1.075000E+00,+4.806E-03
-1.070000E+00,+183E-06
-1.065000E+00,-219E-06
-1.060000E+00,+585E-06
-1.055000E+00,+3.198E-03
-1.050000E+00,+4.605E-03
-1.045000E+00,+1.791E-03
-1.040000E+00,+2.796E-03
-1.035000E+00,+2.796E-03
-1.030000E+00,+5.811E-03
-1.025000E+00,-219E-06
-1.020000E+00,+2.193E-03
-1.015000E+00,-18E-06
-1.010000E+00,+4.404E-03
-1.005000E+00,+4.002E-03
-1.000000E+00,+2.595E-03
-995.000E-03,+1.791E-03
-990.000E-03,+1.590E-03
-985.000E-03,+1.389E-03
-980.000E-03,+987E-06
-975.000E-03,-1.224E-03
-970.000E-03,+4.806E-03
-965.000E-03,+6.615E-03
-960.000E-03,+2.394E-03
-955.000E-03,+7.419E-03
-950.000E-03,+6.816E-03
-945.000E-03,-219E-06
-940.000E-03,+2.394E-03
-935.000E-03,+6.213E-03
-930.000E-03,+2.796E-03
-925.000E-03,+585E-06
-920.000E-03,+4.806E-03
-915.000E-03,-219E-06
-910.000E-03,-1.023E-03
-905.000E-03,+384E-06
-900.000E-03,-420E-06
-895.000E-03,-822E-06
-890.000E-03,+585E-06
-885.000E-03,+3.600E-03
-880.000E-03,+3.801E-03
-875.000E-03,+4.404E-03
-870.000E-03,+2.394E-03
-865.000E-03,+1.791E-03
-860.000E-03,-1.224E-03
-855.000E-03,+1.992E-03
-850.000E-03,+1.992E-03
-845.000E-03,-621E-06
-840.000E-03,-420E-06
-835.000E-03,+1.791E-03
-830.000E-03,+2.595E-03
-825.000E-03,+2.193E-03
-820.000E-03,+6.012E-03
-815.000E-03,+6.414E-03
-810.000E-03,+3.399E-03
-805.000E-03,+3.399E-03
-800.000E-03,+2.997E-03
-795.000E-03,+1.389E-03
-790.000E-03,+3.198E-03
-785.000E-03,+2.997E-03
-780.000E-03,+2.595E-03
-775.000E-03,+2.394E-03
-770.000E-03,+5.208E-03
-765.000E-03,+3.801E-03
-760.000E-03,+5.208E-03
-755.000E-03,+7.419E-03
-750.000E-03,+1.389E-03
-745.000E-03,+2.997E-03
-740.000E-03,+8.826E-03
-735.000E-03,+3.801E-03
-730.000E-03,+786E-06
-725.000E-03,+3.198E-03
-720.000E-03,+3.801E-03
-715.000E-03,+4.203E-03
-710.000E-03,+987E-06
-705.000E-03,+6.012E-03
-700.000E-03,+4.404E-03
-695.000E-03,+1.389E-03
-690.000E-03,+1.992E-03
-685.000E-03,+2.595E-03
-680.000E-03,+4.605E-03
-675.000E-03,+6.414E-03
-670.000E-03,+4.806E-03
-665.000E-03,-5.244E-03
-660.000E-03,+384E-06
-655.000E-03,+4.002E-03
-650.000E-03,+7.017E-03
-645.000E-03,+5.811E-03
-640.000E-03,+3.399E-03
-635.000E-03,+1.590E-03
-630.000E-03,+3.399E-03
-625.000E-03,+1.188E-03
-620.000E-03,-219E-06
-615.000E-03,+384E-06
-610.000E-03,+4.806E-03
-605.000E-03,+585E-06
-600.000E-03,-5.043E-03
-595.000E-03,+5.811E-03
-590.000E-03,+987E-06
-585.000E-03,+1.992E-03
-580.000E-03,+6.012E-03
-575.000E-03,+5.007E-03
-570.000E-03,+4.806E-03
-565.000E-03,+2.997E-03
-560.000E-03,+6.012E-03
-555.000E-03,+3.399E-03
-550.000E-03,+5.007E-03
-545.000E-03,+2.193E-03
-540.000E-03,+4.605E-03
-535.000E-03,+34.153E-03
-530.000E-03,+6.816E-03
-525.000E-03,+183E-06
-520.000E-03,-822E-06
-515.000E-03,+3.801E-03
-510.000E-03,+7.620E-03
-505.000E-03,+1.992E-03
-500.000E-03,+4.806E-03
-495.000E-03,+2.193E-03
-490.000E-03,+2.595E-03
-485.000E-03,+5.811E-03
-480.000E-03,+5.610E-03
-475.000E-03,+6.213E-03
-470.000E-03,+1.188E-03
-465.000E-03,-18E-06
-460.000E-03,+2.796E-03
-455.000E-03,+987E-06
-450.000E-03,+3.600E-03
-445.000E-03,+585E-06
-440.000E-03,+2.193E-03
-435.000E-03,+3.198E-03
-430.000E-03,+5.610E-03
-425.000E-03,+1.791E-03
-420.000E-03,+2.997E-03
-415.000E-03,-219E-06
-410.000E-03,+1.188E-03
-405.000E-03,+585E-06
-400.000E-03,+3.399E-03
-395.000E-03,-822E-06
-390.000E-03,+6.414E-03
-385.000E-03,+1.389E-03
-380.000E-03,+1.590E-03
-375.000E-03,+1.188E-03
-370.000E-03,+3.399E-03
-365.000E-03,+2.394E-03
-360.000E-03,-621E-06
-355.000E-03,+2.394E-03
-350.000E-03,+2.997E-03
-345.000E-03,-18E-06
-340.000E-03,+1.590E-03
-335.000E-03,+5.007E-03
-330.000E-03,+4.806E-03
-325.000E-03,+1.188E-03
-320.000E-03,+3.198E-03
-315.000E-03,+183E-06
-310.000E-03,+786E-06
-305.000E-03,+6.012E-03
-300.000E-03,+4.605E-03
-295.000E-03,+183E-06
-290.000E-03,+1.188E-03
-285.000E-03,+4.203E-03
-280.000E-03,-1.224E-03
-275.000E-03,+2.595E-03
-270.000E-03,+1.791E-03
-265.000E-03,+19.077E-03
-260.000E-03,+786E-06
-255.000E-03,+2.394E-03
-250.000E-03,+8.223E-03
-245.000E-03,-1.224E-03
-240.000E-03,+4.806E-03
-235.000E-03,+4.404E-03
-230.000E-03,+2.796E-03
-225.000E-03,+3.600E-03
-220.000E-03,-420E-06
-215.000E-03,+384E-06
-210.000E-03,+3.801E-03
-205.000E-03,+2.394E-03
-200.000E-03,+6.213E-03
-195.000E-03,+4.002E-03
-190.000E-03,+384E-06
-185.000E-03,+987E-06
-180.000E-03,-822E-06
-175.000E-03,+1.389E-03
-170.000E-03,+4.002E-03
-165.000E-03,+1.590E-03
-160.000E-03,-1.023E-03
-155.000E-03,-18E-06
-150.000E-03,+2.595E-03
-145.000E-03,+1.992E-03
-140.000E-03,+2.394E-03
-135.000E-03,+384E-06
-130.000E-03,+3.399E-03
-125.000E-03,+5.007E-03
-120.000E-03,-1.023E-03
-115.000E-03,-219E-06
-110.000E-03,+2.394E-03
-105.000E-03,-420E-06
-100.000E-03,+2.394E-03
-95.000E-03,+1.791E-03
-90.000E-03,+585E-06
-85.000E-03,+3.399E-03
-80.000E-03,-822E-06
-75.000E-03,+585E-06
-70.000E-03,+987E-06
-65.000E-03,-18E-06
-60.000E-03,+3.600E-03
-55.000E-03,+987E-06
-50.000E-03,+1.389E-03
-45.000E-03,+3.399E-03
-40.000E-03,+585E-06
-35.000E-03,+3.198E-03
-30.000E-03,-420E-06
-25.000E-03,+3.801E-03
-20.000E-03,+1.188E-03
-15.000E-03,+1.188E-03
-10.000E-03,+4.203E-03
-5.000E-03,-420E-06
-0.0E+00,+4.002E-03
+5.000E-03,-219E-06
+10.000E-03,-219E-06
+15.000E-03,+5.007E-03
+20.000E-03,+4.605E-03
+25.000E-03,+5.409E-03
+30.000E-03,+3.399E-03
+35.000E-03,+1.188E-03
+40.000E-03,+987E-06
+45.000E-03,+2.796E-03
+50.000E-03,+1.791E-03
+55.000E-03,-822E-06
+60.000E-03,+987E-06
+65.000E-03,+5.007E-03
+70.000E-03,+2.193E-03
+75.000E-03,+1.992E-03
+80.000E-03,+987E-06
+85.000E-03,+1.188E-03
+90.000E-03,+2.595E-03
+95.000E-03,+2.796E-03
+100.000E-03,-1.224E-03
+105.000E-03,+2.796E-03
+110.000E-03,+2.997E-03
+115.000E-03,+987E-06
+120.000E-03,-219E-06
+125.000E-03,-4.440E-03
+130.000E-03,+2.394E-03
+135.000E-03,+1.590E-03
+140.000E-03,+3.600E-03
+145.000E-03,+1.590E-03
+150.000E-03,+2.595E-03
+155.000E-03,-420E-06
+160.000E-03,+1.590E-03
+165.000E-03,+1.590E-03
+170.000E-03,+7.218E-03
+175.000E-03,+4.002E-03
+180.000E-03,+5.811E-03
+185.000E-03,+6.615E-03
+190.000E-03,+987E-06
+195.000E-03,+585E-06
+200.000E-03,+1.992E-03
+205.000E-03,-420E-06
+210.000E-03,+2.796E-03
+215.000E-03,-420E-06
+220.000E-03,+2.997E-03
+225.000E-03,+786E-06
+230.000E-03,+786E-06
+235.000E-03,+5.409E-03
+240.000E-03,+4.203E-03
+245.000E-03,+1.791E-03
+250.000E-03,+7.821E-03
+255.000E-03,+4.203E-03
+260.000E-03,+8.826E-03
+265.000E-03,+2.193E-03
+270.000E-03,+384E-06
+275.000E-03,+3.801E-03
+280.000E-03,+2.997E-03
+285.000E-03,-219E-06
+290.000E-03,-420E-06
+295.000E-03,+183E-06
+300.000E-03,+4.605E-03
+305.000E-03,+384E-06
+310.000E-03,+2.193E-03
+315.000E-03,-822E-06
+320.000E-03,+5.409E-03
+325.000E-03,+2.394E-03
+330.000E-03,+384E-06
+335.000E-03,+987E-06
+340.000E-03,+8.826E-03
+345.000E-03,-420E-06
+350.000E-03,+1.590E-03
+355.000E-03,+786E-06
+360.000E-03,-1.023E-03
+365.000E-03,-621E-06
+370.000E-03,+2.997E-03
+375.000E-03,-420E-06
+380.000E-03,+2.796E-03
+385.000E-03,+5.409E-03
+390.000E-03,+2.595E-03
+395.000E-03,+2.394E-03
+400.000E-03,-1.827E-03
+405.000E-03,+3.198E-03
+410.000E-03,+4.806E-03
+415.000E-03,+3.600E-03
+420.000E-03,+2.997E-03
+425.000E-03,+3.399E-03
+430.000E-03,+6.414E-03
+435.000E-03,+4.404E-03
+440.000E-03,+2.997E-03
+445.000E-03,+1.389E-03
+450.000E-03,+4.404E-03
+455.000E-03,+183E-06
+460.000E-03,+1.389E-03
+465.000E-03,-219E-06
+470.000E-03,+3.801E-03
+475.000E-03,+1.389E-03
+480.000E-03,+183E-06
+485.000E-03,-219E-06
+490.000E-03,-420E-06
+495.000E-03,-621E-06
+500.000E-03,-1.224E-03
+505.000E-03,+384E-06
+510.000E-03,-822E-06
+515.000E-03,-219E-06
+520.000E-03,-1.023E-03
+525.000E-03,+384E-06
+530.000E-03,+786E-06
+535.000E-03,-1.023E-03
+540.000E-03,-18E-06
+545.000E-03,-219E-06
+550.000E-03,+183E-06
+555.000E-03,-2.631E-03
+560.000E-03,-420E-06
+565.000E-03,+585E-06
+570.000E-03,-621E-06
+575.000E-03,-18E-06
+580.000E-03,-822E-06
+585.000E-03,-420E-06
+590.000E-03,+384E-06
+595.000E-03,+1.188E-03
+600.000E-03,+786E-06
+605.000E-03,-621E-06
+610.000E-03,-18E-06
+615.000E-03,-18E-06
+620.000E-03,-822E-06
+625.000E-03,-1.023E-03
+630.000E-03,-18E-06
+635.000E-03,-822E-06
+640.000E-03,-219E-06
+645.000E-03,-822E-06
+650.000E-03,-621E-06
+655.000E-03,+183E-06
+660.000E-03,-1.827E-03
+665.000E-03,-420E-06
+670.000E-03,-18E-06
+675.000E-03,-219E-06
+680.000E-03,-219E-06
+685.000E-03,-621E-06
+690.000E-03,+384E-06
+695.000E-03,-219E-06
+700.000E-03,-420E-06
+705.000E-03,-219E-06
+710.000E-03,-219E-06
+715.000E-03,-18E-06
+720.000E-03,+183E-06
+725.000E-03,-18E-06
+730.000E-03,+384E-06
+735.000E-03,-18E-06
+740.000E-03,-219E-06
+745.000E-03,-420E-06
+750.000E-03,-621E-06
+755.000E-03,+384E-06
+760.000E-03,-621E-06
+765.000E-03,-822E-06
+770.000E-03,+183E-06
+775.000E-03,-2.430E-03
+780.000E-03,-18E-06
+785.000E-03,-1.023E-03
+790.000E-03,-621E-06
+795.000E-03,-621E-06
+800.000E-03,-420E-06
+805.000E-03,-219E-06
+810.000E-03,-420E-06
+815.000E-03,-621E-06
+820.000E-03,-219E-06
+825.000E-03,+384E-06
+830.000E-03,+384E-06
+835.000E-03,-420E-06
+840.000E-03,-420E-06
+845.000E-03,-219E-06
+850.000E-03,+585E-06
+855.000E-03,+384E-06
+860.000E-03,-621E-06
+865.000E-03,-219E-06
+870.000E-03,+987E-06
+875.000E-03,-1.023E-03
+880.000E-03,-420E-06
+885.000E-03,-18E-06
+890.000E-03,-2.832E-03
+895.000E-03,-219E-06
+900.000E-03,-1.425E-03
+905.000E-03,+384E-06
+910.000E-03,+183E-06
+915.000E-03,-4.038E-03
+920.000E-03,-219E-06
+925.000E-03,-621E-06
+930.000E-03,-18E-06
+935.000E-03,-219E-06
+940.000E-03,+183E-06
+945.000E-03,-621E-06
+950.000E-03,-822E-06
+955.000E-03,-219E-06
+960.000E-03,-219E-06
+965.000E-03,-18E-06
+970.000E-03,+786E-06
+975.000E-03,-822E-06
+980.000E-03,-1.425E-03
+985.000E-03,-1.023E-03
+990.000E-03,-822E-06
+995.000E-03,+183E-06
+1.000000E+00,-18E-06
+1.005000E+00,+384E-06
+1.010000E+00,+384E-06
+1.015000E+00,-822E-06
+1.020000E+00,+384E-06
+1.025000E+00,-420E-06
+1.030000E+00,-621E-06
+1.035000E+00,-18E-06
+1.040000E+00,-219E-06
+1.045000E+00,+585E-06
+1.050000E+00,-219E-06
+1.055000E+00,-18E-06
+1.060000E+00,-18E-06
+1.065000E+00,+183E-06
+1.070000E+00,-621E-06
+1.075000E+00,-1.023E-03
+1.080000E+00,-1.425E-03
+1.085000E+00,+384E-06
+1.090000E+00,-1.023E-03
+1.095000E+00,-621E-06
+1.100000E+00,-420E-06
+1.105000E+00,-621E-06
+1.110000E+00,-219E-06
+1.115000E+00,-1.425E-03
+1.120000E+00,-1.224E-03
+1.125000E+00,+987E-06
+1.130000E+00,-219E-06
+1.135000E+00,-1.626E-03
+1.140000E+00,+987E-06
+1.145000E+00,-1.827E-03
+1.150000E+00,-420E-06
+1.155000E+00,+987E-06
+1.160000E+00,+183E-06
+1.165000E+00,-621E-06
+1.170000E+00,-420E-06
+1.175000E+00,-219E-06
+1.180000E+00,-219E-06
+1.185000E+00,+987E-06
+1.190000E+00,-18E-06
+1.195000E+00,-420E-06
+1.200000E+00,-219E-06
+1.205000E+00,-219E-06
+1.210000E+00,-621E-06
+1.215000E+00,+183E-06
+1.220000E+00,-420E-06
+1.225000E+00,-18E-06
+1.230000E+00,-822E-06
+1.235000E+00,+183E-06
+1.240000E+00,-621E-06
+1.245000E+00,-1.023E-03
+1.250000E+00,-1.224E-03
+1.255000E+00,-18E-06
+1.260000E+00,+384E-06
+1.265000E+00,-7.053E-03
+1.270000E+00,+1.590E-03
+1.275000E+00,-420E-06
+1.280000E+00,+183E-06
+1.285000E+00,-621E-06
+1.290000E+00,+384E-06
+1.295000E+00,-822E-06
+1.300000E+00,+384E-06
+1.305000E+00,-219E-06
+1.310000E+00,-621E-06
+1.315000E+00,+183E-06
+1.320000E+00,-420E-06
+1.325000E+00,+2.997E-03
+1.330000E+00,-219E-06
+1.335000E+00,-18E-06
+1.340000E+00,-1.023E-03
+1.345000E+00,-1.626E-03
+1.350000E+00,+384E-06
+1.355000E+00,+183E-06
+1.360000E+00,-219E-06
+1.365000E+00,-219E-06
+1.370000E+00,-420E-06
+1.375000E+00,-18E-06
+1.380000E+00,+987E-06
+1.385000E+00,-621E-06
+1.390000E+00,+585E-06
+1.395000E+00,+585E-06
+1.400000E+00,-420E-06
+1.405000E+00,-420E-06
+1.410000E+00,-4.641E-03
+1.415000E+00,+2.193E-03
+1.420000E+00,-219E-06
+1.425000E+00,-219E-06
+1.430000E+00,-18E-06
+1.435000E+00,-18E-06
+1.440000E+00,-420E-06
+1.445000E+00,-219E-06
+1.450000E+00,-219E-06
+1.455000E+00,+183E-06
+1.460000E+00,+183E-06
+1.465000E+00,-420E-06
+1.470000E+00,+1.188E-03
+1.475000E+00,-219E-06
+1.480000E+00,-219E-06
+1.485000E+00,-621E-06
+1.490000E+00,+183E-06
+1.495000E+00,-420E-06
+1.500000E+00,-621E-06
+1.505000E+00,-621E-06
+1.510000E+00,-18E-06
+1.515000E+00,+585E-06
+1.520000E+00,-420E-06
+1.525000E+00,-822E-06
+1.530000E+00,-3.033E-03
+1.535000E+00,-1.827E-03
+1.540000E+00,-420E-06
+1.545000E+00,-219E-06
+1.550000E+00,-420E-06
+1.555000E+00,+183E-06
+1.560000E+00,+384E-06
+1.565000E+00,+183E-06
+1.570000E+00,+384E-06
+1.575000E+00,-420E-06
+1.580000E+00,+183E-06
+1.585000E+00,+384E-06
+1.590000E+00,-822E-06
+1.595000E+00,-219E-06
+1.600000E+00,-219E-06
+1.605000E+00,+1.188E-03
+1.610000E+00,-18E-06
+1.615000E+00,+987E-06
+1.620000E+00,-621E-06
+1.625000E+00,+183E-06
+1.630000E+00,-621E-06
+1.635000E+00,-420E-06
+1.640000E+00,-219E-06
+1.645000E+00,-621E-06
+1.650000E+00,-621E-06
+1.655000E+00,-822E-06
+1.660000E+00,-822E-06
+1.665000E+00,+384E-06
+1.670000E+00,-219E-06
+1.675000E+00,+384E-06
+1.680000E+00,-1.224E-03
+1.685000E+00,+384E-06
+1.690000E+00,-822E-06
+1.695000E+00,-219E-06
+1.700000E+00,+384E-06
+1.705000E+00,-18E-06
+1.710000E+00,+1.188E-03
+1.715000E+00,-1.224E-03
+1.720000E+00,-219E-06
+1.725000E+00,+585E-06
+1.730000E+00,-621E-06
+1.735000E+00,-1.023E-03
+1.740000E+00,+384E-06
+1.745000E+00,-1.626E-03
+1.750000E+00,+183E-06
+1.755000E+00,-420E-06
+1.760000E+00,-822E-06
+1.765000E+00,+183E-06
+1.770000E+00,+1.590E-03
+1.775000E+00,+585E-06
+1.780000E+00,-420E-06
+1.785000E+00,-1.224E-03
+1.790000E+00,-219E-06
+1.795000E+00,-219E-06
+1.800000E+00,-621E-06
+1.805000E+00,-420E-06
+1.810000E+00,-420E-06
+1.815000E+00,-1.224E-03
+1.820000E+00,-621E-06
+1.825000E+00,-420E-06
+1.830000E+00,-420E-06
+1.835000E+00,-822E-06
+1.840000E+00,+183E-06
+1.845000E+00,+183E-06
+1.850000E+00,-18E-06
+1.855000E+00,+384E-06
+1.860000E+00,+786E-06
+1.865000E+00,-420E-06
+1.870000E+00,-1.023E-03
+1.875000E+00,-420E-06
+1.880000E+00,-420E-06
+1.885000E+00,-1.224E-03
+1.890000E+00,-621E-06
+1.895000E+00,+585E-06
+1.900000E+00,-219E-06
+1.905000E+00,-18E-06
+1.910000E+00,-18E-06
+1.915000E+00,-420E-06
+1.920000E+00,+1.389E-03
+1.925000E+00,-219E-06
+1.930000E+00,+1.389E-03
+1.935000E+00,+384E-06
+1.940000E+00,-621E-06
+1.945000E+00,-219E-06
+1.950000E+00,-621E-06
+1.955000E+00,-420E-06
+1.960000E+00,-219E-06
+1.965000E+00,-18E-06
+1.970000E+00,-621E-06
+1.975000E+00,+183E-06
+1.980000E+00,+786E-06
+1.985000E+00,+585E-06
+1.990000E+00,+384E-06
+1.995000E+00,-2.832E-03
+2.000000E+00,-420E-06
+2.005000E+00,-420E-06
+2.010000E+00,-1.626E-03
+2.015000E+00,-420E-06
+2.020000E+00,-822E-06
+2.025000E+00,+183E-06
+2.030000E+00,-219E-06
+2.035000E+00,-621E-06
+2.040000E+00,-219E-06
+2.045000E+00,-1.023E-03
+2.050000E+00,-219E-06
+2.055000E+00,-621E-06
+2.060000E+00,+183E-06
+2.065000E+00,+183E-06
+2.070000E+00,-420E-06
+2.075000E+00,-822E-06
+2.080000E+00,+5.208E-03
+2.085000E+00,+183E-06
+2.090000E+00,-420E-06
+2.095000E+00,-420E-06
+2.100000E+00,+183E-06
+2.105000E+00,-219E-06
+2.110000E+00,+183E-06
+2.115000E+00,+1.188E-03
+2.120000E+00,-420E-06
+2.125000E+00,-18E-06
+2.130000E+00,-420E-06
+2.135000E+00,+786E-06
+2.140000E+00,+4.605E-03
+2.145000E+00,-420E-06
+2.150000E+00,-1.023E-03
+2.155000E+00,+585E-06
+2.160000E+00,-621E-06
+2.165000E+00,-219E-06
+2.170000E+00,-621E-06
+2.175000E+00,-822E-06
+2.180000E+00,-18E-06
+2.185000E+00,-18E-06
+2.190000E+00,-621E-06
+2.195000E+00,+585E-06
+2.200000E+00,-219E-06
+2.205000E+00,-18E-06
+2.210000E+00,-621E-06
+2.215000E+00,-219E-06
+2.220000E+00,-621E-06
+2.225000E+00,-420E-06
+2.230000E+00,-822E-06
+2.235000E+00,-822E-06
+2.240000E+00,-621E-06
+2.245000E+00,-219E-06
+2.250000E+00,+786E-06
+2.255000E+00,+183E-06
+2.260000E+00,-621E-06
+2.265000E+00,+9.429E-03
+2.270000E+00,+585E-06
+2.275000E+00,+183E-06
+2.280000E+00,-822E-06
+2.285000E+00,-219E-06
+2.290000E+00,-420E-06
+2.295000E+00,-18E-06
+2.300000E+00,+585E-06
+2.305000E+00,-621E-06
+2.310000E+00,-420E-06
+2.315000E+00,+987E-06
+2.320000E+00,+384E-06
+2.325000E+00,-18E-06
+2.330000E+00,+183E-06
+2.335000E+00,+384E-06
+2.340000E+00,-219E-06
+2.345000E+00,-621E-06
+2.350000E+00,-18E-06
+2.355000E+00,-18E-06
+2.360000E+00,-822E-06
+2.365000E+00,+786E-06
+2.370000E+00,-18E-06
+2.375000E+00,-621E-06
+2.380000E+00,-18E-06
+2.385000E+00,+384E-06
+2.390000E+00,-621E-06
+2.395000E+00,+987E-06
+2.400000E+00,-219E-06
+2.405000E+00,-219E-06
+2.410000E+00,-219E-06
+2.415000E+00,+585E-06
+2.420000E+00,+183E-06
+2.425000E+00,+384E-06
+2.430000E+00,-420E-06
+2.435000E+00,+384E-06
+2.440000E+00,+384E-06
+2.445000E+00,-621E-06
+2.450000E+00,-219E-06
+2.455000E+00,-219E-06
+2.460000E+00,+786E-06
+2.465000E+00,-420E-06
+2.470000E+00,-18E-06
+2.475000E+00,+183E-06
+2.480000E+00,-621E-06
+2.485000E+00,+384E-06
+2.490000E+00,+183E-06
+2.495000E+00,-1.023E-03
+2.500000E+00,+585E-06
+2.505000E+00,+183E-06
+2.510000E+00,-18E-06
+2.515000E+00,-1.425E-03
+2.520000E+00,-1.224E-03
+2.525000E+00,+183E-06
+2.530000E+00,+384E-06
+2.535000E+00,-18E-06
+2.540000E+00,-1.224E-03
+2.545000E+00,-18E-06
+2.550000E+00,-420E-06
+2.555000E+00,+1.188E-03
+2.560000E+00,-822E-06
+2.565000E+00,-420E-06
+2.570000E+00,-219E-06
+2.575000E+00,+1.188E-03
+2.580000E+00,+183E-06
+2.585000E+00,-420E-06
+2.590000E+00,+585E-06
+2.595000E+00,-420E-06
+2.600000E+00,-420E-06
+2.605000E+00,+585E-06
+2.610000E+00,-420E-06
+2.615000E+00,-420E-06
+2.620000E+00,+786E-06
+2.625000E+00,-18E-06
+2.630000E+00,+384E-06
+2.635000E+00,+384E-06
+2.640000E+00,-219E-06
+2.645000E+00,+1.590E-03
+2.650000E+00,-18E-06
+2.655000E+00,-18E-06
+2.660000E+00,-7.455E-03
+2.665000E+00,-420E-06
+2.670000E+00,+384E-06
+2.675000E+00,-219E-06
+2.680000E+00,+987E-06
+2.685000E+00,-219E-06
+2.690000E+00,+384E-06
+2.695000E+00,+384E-06
+2.700000E+00,+2.394E-03
+2.705000E+00,-420E-06
+2.710000E+00,-1.023E-03
+2.715000E+00,-621E-06
+2.720000E+00,+1.389E-03
+2.725000E+00,-18E-06
+2.730000E+00,-219E-06
+2.735000E+00,-420E-06
+2.740000E+00,-219E-06
+2.745000E+00,-219E-06
+2.750000E+00,-621E-06
+2.755000E+00,-18E-06
+2.760000E+00,-420E-06
+2.765000E+00,-219E-06
+2.770000E+00,-219E-06
+2.775000E+00,+1.188E-03
+2.780000E+00,-1.827E-03
+2.785000E+00,-420E-06
+2.790000E+00,+786E-06
+2.795000E+00,-18E-06
+2.800000E+00,+585E-06
+2.805000E+00,-1.224E-03
+2.810000E+00,-420E-06
+2.815000E+00,-621E-06
+2.820000E+00,-2.028E-03
+2.825000E+00,-18E-06
+2.830000E+00,+384E-06
+2.835000E+00,-18E-06
+2.840000E+00,-1.827E-03
+2.845000E+00,-219E-06
+2.850000E+00,-1.827E-03
+2.855000E+00,-18E-06
+2.860000E+00,-621E-06
+2.865000E+00,-219E-06
+2.870000E+00,+585E-06
+2.875000E+00,-1.425E-03
+2.880000E+00,+1.992E-03
+2.885000E+00,-219E-06
+2.890000E+00,+786E-06
+2.895000E+00,-1.224E-03
+2.900000E+00,-219E-06
+2.905000E+00,-822E-06
+2.910000E+00,+1.389E-03
+2.915000E+00,-219E-06
+2.920000E+00,+183E-06
+2.925000E+00,+987E-06
+2.930000E+00,-621E-06
+2.935000E+00,-420E-06
+2.940000E+00,-420E-06
+2.945000E+00,+1.188E-03
+2.950000E+00,-621E-06
+2.955000E+00,-621E-06
+2.960000E+00,-219E-06
+2.965000E+00,-621E-06
+2.970000E+00,-1.425E-03
+2.975000E+00,-822E-06
+2.980000E+00,-219E-06
+2.985000E+00,-420E-06
+2.990000E+00,-18E-06
+2.995000E+00,-621E-06
+3.000000E+00,-219E-06
+3.005000E+00,-621E-06
+3.010000E+00,-621E-06
+3.015000E+00,-219E-06
+3.020000E+00,-1.827E-03
+3.025000E+00,-18E-06
+3.030000E+00,-219E-06
+3.035000E+00,-420E-06
+3.040000E+00,+585E-06
+3.045000E+00,+183E-06
+3.050000E+00,+384E-06
+3.055000E+00,-1.425E-03
+3.060000E+00,-1.425E-03
+3.065000E+00,-621E-06
+3.070000E+00,+183E-06
+3.075000E+00,-219E-06
+3.080000E+00,+384E-06
+3.085000E+00,+585E-06
+3.090000E+00,-219E-06
+3.095000E+00,-822E-06
+3.100000E+00,-219E-06
+3.105000E+00,-420E-06
+3.110000E+00,-219E-06
+3.115000E+00,-420E-06
+3.120000E+00,+384E-06
+3.125000E+00,-219E-06
+3.130000E+00,-219E-06
+3.135000E+00,-219E-06
+3.140000E+00,+384E-06
+3.145000E+00,-420E-06
+3.150000E+00,-1.224E-03
+3.155000E+00,-822E-06
+3.160000E+00,+183E-06
+3.165000E+00,+1.791E-03
+3.170000E+00,+384E-06
+3.175000E+00,+183E-06
+3.180000E+00,-822E-06
+3.185000E+00,-1.425E-03
+3.190000E+00,+1.590E-03
+3.195000E+00,-1.425E-03
+3.200000E+00,-420E-06
+3.205000E+00,+585E-06
+3.210000E+00,+786E-06
+3.215000E+00,-219E-06
+3.220000E+00,-9.666E-03
+3.225000E+00,-420E-06
+3.230000E+00,+1.188E-03
+3.235000E+00,+786E-06
+3.240000E+00,+384E-06
+3.245000E+00,+183E-06
+3.250000E+00,-420E-06
+3.255000E+00,-1.023E-03
+3.260000E+00,-621E-06
+3.265000E+00,+1.791E-03
+3.270000E+00,-219E-06
+3.275000E+00,-18E-06
+3.280000E+00,-420E-06
+3.285000E+00,-822E-06
+3.290000E+00,+183E-06
+3.295000E+00,-2.430E-03
+3.300000E+00,-18E-06
+3.305000E+00,-420E-06
+3.310000E+00,-420E-06
+3.315000E+00,+1.389E-03
+3.320000E+00,-219E-06
+3.325000E+00,-420E-06
+3.330000E+00,-621E-06
+3.335000E+00,+585E-06
+3.340000E+00,-621E-06
+3.345000E+00,-822E-06
+3.350000E+00,-219E-06
+3.355000E+00,-1.224E-03
+3.360000E+00,-1.224E-03
+3.365000E+00,+585E-06
+3.370000E+00,-18E-06
+3.375000E+00,-822E-06
+3.380000E+00,-1.023E-03
+3.385000E+00,-621E-06
+3.390000E+00,-822E-06
+3.395000E+00,+183E-06
+3.400000E+00,-18E-06
+3.405000E+00,-822E-06
+3.410000E+00,-621E-06
+3.415000E+00,-621E-06
+3.420000E+00,+183E-06
+3.425000E+00,-822E-06
+3.430000E+00,+183E-06
+3.435000E+00,+7.218E-03
+3.440000E+00,-1.023E-03
+3.445000E+00,+183E-06
+3.450000E+00,-420E-06
+3.455000E+00,+183E-06
+3.460000E+00,+2.796E-03
+3.465000E+00,-420E-06
+3.470000E+00,-219E-06
+3.475000E+00,-18E-06
+3.480000E+00,-420E-06
+3.485000E+00,-621E-06
+3.490000E+00,-18E-06
+3.495000E+00,-420E-06
+3.500000E+00,-18E-06
+3.505000E+00,-219E-06
+3.510000E+00,+585E-06
+3.515000E+00,-621E-06
+3.520000E+00,-822E-06
+3.525000E+00,-18E-06
+3.530000E+00,-420E-06
+3.535000E+00,-420E-06
+3.540000E+00,-822E-06
+3.545000E+00,+585E-06
+3.550000E+00,+183E-06
+3.555000E+00,-18E-06
+3.560000E+00,+384E-06
+3.565000E+00,-219E-06
+3.570000E+00,+384E-06
+3.575000E+00,+786E-06
+3.580000E+00,-1.425E-03
+3.585000E+00,-1.023E-03
+3.590000E+00,-1.425E-03
+3.595000E+00,+384E-06
+3.600000E+00,+585E-06
+3.605000E+00,-2.631E-03
+3.610000E+00,-219E-06
+3.615000E+00,-621E-06
+3.620000E+00,+183E-06
+3.625000E+00,-219E-06
+3.630000E+00,-1.425E-03
+3.635000E+00,-621E-06
+3.640000E+00,-420E-06
+3.645000E+00,-1.023E-03
+3.650000E+00,+585E-06
+3.655000E+00,-1.023E-03
+3.660000E+00,-1.425E-03
+3.665000E+00,+183E-06
+3.670000E+00,-621E-06
+3.675000E+00,+384E-06
+3.680000E+00,-621E-06
+3.685000E+00,+585E-06
+3.690000E+00,-219E-06
+3.695000E+00,-822E-06
+3.700000E+00,-18E-06
+3.705000E+00,-18E-06
+3.710000E+00,-822E-06
+3.715000E+00,+384E-06
+3.720000E+00,-420E-06
+3.725000E+00,-822E-06
+3.730000E+00,-219E-06
+3.735000E+00,+183E-06
+3.740000E+00,+183E-06
+3.745000E+00,-621E-06
+3.750000E+00,+183E-06
+3.755000E+00,-420E-06
+3.760000E+00,+183E-06
+3.765000E+00,+183E-06
+3.770000E+00,-822E-06
+3.775000E+00,-2.028E-03
+3.780000E+00,+1.590E-03
+3.785000E+00,-420E-06
+3.790000E+00,-621E-06
+3.795000E+00,+384E-06
+3.800000E+00,-420E-06
+3.805000E+00,-18E-06
+3.810000E+00,+183E-06
+3.815000E+00,-621E-06
+3.820000E+00,+183E-06
+3.825000E+00,-621E-06
+3.830000E+00,+183E-06
+3.835000E+00,-621E-06
+3.840000E+00,-822E-06
+3.845000E+00,-18E-06
+3.850000E+00,-219E-06
+3.855000E+00,-18E-06
+3.860000E+00,-219E-06
+3.865000E+00,-219E-06
+3.870000E+00,-18E-06
+3.875000E+00,-822E-06
+3.880000E+00,-219E-06
+3.885000E+00,-621E-06
+3.890000E+00,+384E-06
+3.895000E+00,+384E-06
+3.900000E+00,-822E-06
+3.905000E+00,+183E-06
+3.910000E+00,+183E-06
+3.915000E+00,-621E-06
+3.920000E+00,-420E-06
+3.925000E+00,+786E-06
+3.930000E+00,-1.023E-03
+3.935000E+00,+2.394E-03
+3.940000E+00,-621E-06
+3.945000E+00,+786E-06
+3.950000E+00,+183E-06
+3.955000E+00,-1.224E-03
+3.960000E+00,+1.590E-03
+3.965000E+00,-621E-06
+3.970000E+00,-420E-06
+3.975000E+00,-2.430E-03
+3.980000E+00,-219E-06
+3.985000E+00,-822E-06
+3.990000E+00,-1.023E-03
+3.995000E+00,+384E-06
+4.000000E+00,+384E-06
+4.005000E+00,-2.430E-03
+4.010000E+00,-420E-06
+4.015000E+00,-621E-06
+4.020000E+00,-18E-06
+4.025000E+00,-420E-06
+4.030000E+00,-219E-06
+4.035000E+00,-219E-06
+4.040000E+00,+384E-06
+4.045000E+00,-621E-06
+4.050000E+00,-1.023E-03
+4.055000E+00,-219E-06
+4.060000E+00,+987E-06
+4.065000E+00,-420E-06
+4.070000E+00,-219E-06
+4.075000E+00,-1.224E-03
+4.080000E+00,-420E-06
+4.085000E+00,+585E-06
+4.090000E+00,-1.827E-03
+4.095000E+00,-822E-06
+4.100000E+00,+384E-06
+4.105000E+00,-1.023E-03
+4.110000E+00,-822E-06
+4.115000E+00,+183E-06
+4.120000E+00,-18E-06
+4.125000E+00,-1.023E-03
+4.130000E+00,+786E-06
+4.135000E+00,-822E-06
+4.140000E+00,-219E-06
+4.145000E+00,+384E-06
+4.150000E+00,+384E-06
+4.155000E+00,-18E-06
+4.160000E+00,-219E-06
+4.165000E+00,+384E-06
+4.170000E+00,-822E-06
+4.175000E+00,-822E-06
+4.180000E+00,+3.600E-03
+4.185000E+00,-621E-06
+4.190000E+00,+384E-06
+4.195000E+00,-1.023E-03
+4.200000E+00,-420E-06
+4.205000E+00,-219E-06
+4.210000E+00,+183E-06
+4.215000E+00,-621E-06
+4.220000E+00,-219E-06
+4.225000E+00,-18E-06
+4.230000E+00,-621E-06
+4.235000E+00,-822E-06
+4.240000E+00,-420E-06
+4.245000E+00,-1.023E-03
+4.250000E+00,+585E-06
+4.255000E+00,-420E-06
+4.260000E+00,+1.791E-03
+4.265000E+00,-1.224E-03
+4.270000E+00,+2.796E-03
+4.275000E+00,-420E-06
+4.280000E+00,-18E-06
+4.285000E+00,-219E-06
+4.290000E+00,-621E-06
+4.295000E+00,+585E-06
+4.300000E+00,-219E-06
+4.305000E+00,-18E-06
+4.310000E+00,-420E-06
+4.315000E+00,+384E-06
+4.320000E+00,-621E-06
+4.325000E+00,-18E-06
+4.330000E+00,-18E-06
+4.335000E+00,+183E-06
+4.340000E+00,-18E-06
+4.345000E+00,+384E-06
+4.350000E+00,+183E-06
+4.355000E+00,-621E-06
+4.360000E+00,-1.023E-03
+4.365000E+00,-420E-06
+4.370000E+00,-420E-06
+4.375000E+00,-420E-06
+4.380000E+00,-219E-06
+4.385000E+00,+987E-06
+4.390000E+00,-1.224E-03
+4.395000E+00,-1.224E-03
+4.400000E+00,+183E-06
+4.405000E+00,-219E-06
+4.410000E+00,+183E-06
+4.415000E+00,-219E-06
+4.420000E+00,+183E-06
+4.425000E+00,-420E-06
+4.430000E+00,+384E-06
+4.435000E+00,+183E-06
+4.440000E+00,-420E-06
+4.445000E+00,+987E-06
+4.450000E+00,-420E-06
+4.455000E+00,+183E-06
+4.460000E+00,-822E-06
+4.465000E+00,+1.389E-03
+4.470000E+00,+384E-06
+4.475000E+00,-18E-06
+4.480000E+00,-18E-06
+4.485000E+00,-822E-06
+4.490000E+00,+183E-06
+4.495000E+00,+183E-06
+4.500000E+00,-621E-06
+4.505000E+00,-621E-06
+4.510000E+00,-822E-06
+4.515000E+00,+183E-06
+4.520000E+00,-4.440E-03
+4.525000E+00,-1.425E-03
+4.530000E+00,-18E-06
+4.535000E+00,+786E-06
+4.540000E+00,-420E-06
+4.545000E+00,-219E-06
+4.550000E+00,-420E-06
+4.555000E+00,+384E-06
+4.560000E+00,+786E-06
+4.565000E+00,-219E-06
+4.570000E+00,-2.028E-03
+4.575000E+00,-822E-06
+4.580000E+00,-219E-06
+4.585000E+00,-18E-06
+4.590000E+00,-1.224E-03
+4.595000E+00,-2.028E-03
+4.600000E+00,-420E-06
+4.605000E+00,+987E-06
+4.610000E+00,-219E-06
+4.615000E+00,-1.425E-03
+4.620000E+00,-18E-06
+4.625000E+00,-420E-06
+4.630000E+00,-621E-06
+4.635000E+00,-18E-06
+4.640000E+00,-621E-06
+4.645000E+00,+183E-06
+4.650000E+00,+183E-06
+4.655000E+00,+786E-06
+4.660000E+00,+183E-06
+4.665000E+00,-822E-06
+4.670000E+00,-219E-06
+4.675000E+00,+987E-06
+4.680000E+00,-1.224E-03
+4.685000E+00,-1.425E-03
+4.690000E+00,+183E-06
+4.695000E+00,+384E-06
+4.700000E+00,+987E-06
+4.705000E+00,-1.023E-03
+4.710000E+00,-621E-06
+4.715000E+00,+786E-06
+4.720000E+00,-420E-06
+4.725000E+00,-621E-06
+4.730000E+00,+3.600E-03
+4.735000E+00,-1.023E-03
+4.740000E+00,-420E-06
+4.745000E+00,+183E-06
+4.750000E+00,+786E-06
+4.755000E+00,-18E-06
+4.760000E+00,-2.028E-03
+4.765000E+00,-822E-06
+4.770000E+00,-420E-06
+4.775000E+00,+786E-06
+4.780000E+00,-822E-06
+4.785000E+00,-1.023E-03
+4.790000E+00,-621E-06
+4.795000E+00,-219E-06
+4.800000E+00,-1.023E-03
+4.805000E+00,-621E-06
+4.810000E+00,-219E-06
+4.815000E+00,+1.389E-03
+4.820000E+00,-822E-06
+4.825000E+00,+384E-06
+4.830000E+00,-621E-06
+4.835000E+00,-420E-06
+4.840000E+00,-822E-06
+4.845000E+00,-219E-06
+4.850000E+00,-18E-06
+4.855000E+00,-420E-06
+4.860000E+00,+384E-06
+4.865000E+00,-2.430E-03
+4.870000E+00,+183E-06
+4.875000E+00,-219E-06
+4.880000E+00,-420E-06
+4.885000E+00,-621E-06
+4.890000E+00,-1.023E-03
+4.895000E+00,-621E-06
+4.900000E+00,-420E-06
+4.905000E+00,-219E-06
+4.910000E+00,-6.450E-03
+4.915000E+00,-621E-06
+4.920000E+00,-1.224E-03
+4.925000E+00,-18E-06
+4.930000E+00,-219E-06
+4.935000E+00,-420E-06
+4.940000E+00,-420E-06
+4.945000E+00,-420E-06
+4.950000E+00,-18E-06
+4.955000E+00,-420E-06
+4.960000E+00,+183E-06
+4.965000E+00,-219E-06
+4.970000E+00,-621E-06
+4.975000E+00,-1.626E-03
+4.980000E+00,-420E-06
+4.985000E+00,-420E-06
+4.990000E+00,-18E-06
+4.995000E+00,-18E-06
