﻿Quantity,Reference Designator,Model
2,"R1B, R1A","422 ohm, 0603, 1%"
2,"R2B, R2A","324 ohm, 0603, 1%"
4,"R3B, R3A, R5M, JP1","0 ohm, 0603"
2,"R5B, R5A","5.49k ohm, 0603, 1%"
2,"R1M, R2M","10k ohm, 0603, 1%"
1,R3M,"4.99k ohm, 0603, 1%"
2,"C1B, C2B","6.2nF, 0603, C0G, 5%"
4,"C9B, C9A, C3M, C4M","100nF, 0603, X7R, 20%"
2,"C1A, C2A","3.9nF, 0603, C0G, 5%"
3,"C1M, C2M, C101M","10uF, 6032, tantalum, 20%"
2,"U2B, U2A",LT6233
1,U1M,"AD8031, SOIC"
4,"J1M, J2M, J3M, J4M","67996-206HLF, 2x3 0.1"" header"
2," J3M, J4M","65474-010LF, 0.1"" jumper"
2," J1B, J1A","BCS-103-L-D-TE, 2x3 0.1"" socket"
2,"J5M, J6M","142-0701-851, SMA Jack, board edge female"
3,"+VS, -VS, GND","68000-101HLF, Test pin"
